playlist_type,bucket,playlist_count,median_owner_stream_share,mean_owner_stream_share,aggregate_owner_stream_share,total_owner_stream30s,total_monthly_stream30s
Spotify-owned,1-9,0,,,,0,0
Spotify-owned,10-24,24,0.0,1.0613975050076473e-05,2.852166118303776e-06,7,2454275
Spotify-owned,25-49,126,0.0,0.00013761156730427148,3.6629180855472366e-06,119,32487759
Spotify-owned,50-99,151,0.0,0.0034356105456931716,1.5118821410152839e-06,242,160065387
Spotify-owned,100-249,83,1.0990291176774437e-06,0.0020155396684672085,1.233570156594739e-06,187,151592513
Spotify-owned,250-499,13,9.591277308764318e-07,0.0001371051062409917,2.0373493244881812e-06,32,15706683
Spotify-owned,500-999,1,1.154230601423397e-06,1.154230601423397e-06,1.154230601423397e-06,2,1732756
Spotify-owned,1000+,1,3.092446205352035e-06,3.092446205352035e-06,3.092446205352035e-06,5,1616843
