playlist_type,bucket,playlist_count,median_owner_stream_share,mean_owner_stream_share,aggregate_owner_stream_share,total_owner_stream30s,total_monthly_stream30s
User-owned,1-9,22590,1.0,0.7716538238819396,0.9559314637227079,11153902,11668098
User-owned,10-24,52297,0.42857142857142855,0.4433154848653906,0.23380215458646722,2158815,9233512
User-owned,25-49,71183,0.5,0.4818225538316165,0.3031013525090563,3930722,12968342
User-owned,50-99,91373,0.5121951219512195,0.49681702581527265,0.27817004288447406,6588206,23684096
User-owned,100-249,103747,0.5714285714285714,0.5301994859188209,0.25932871045028877,10954087,42240163
User-owned,250-499,44134,0.6434876045744109,0.5684483879811908,0.2725517628465408,6722565,24665278
User-owned,500-999,20539,0.7073170731707317,0.6037858605615509,0.18787018943078101,4217050,22446616
User-owned,1000+,11222,0.7609657560600231,0.6338354827685364,0.44334510979297204,3078498,6943796
