track_bin,playlist_count,median_non_owner_monthly_stream30s,median_n_tracks,median_owner_stream_share
0-10,22590,0.0,4.0,1.0
10-25,52297,14.0,17.0,0.42857142857142855
25-50,71183,19.0,36.0,0.5
50-100,91373,23.0,70.0,0.5121951219512195
100-250,103747,27.0,150.0,0.5714285714285714
250-500,44134,31.0,332.0,0.6434876045744109
500-1000,20539,32.0,654.0,0.7073170731707317
1000+,11222,32.0,1544.0,0.7609657560600231
