Segment,# Playlists,% of playlists,Median monthly 30s streams,Mean monthly 30s streams,Median # tracks,Mean # tracks,Median # artists,Mean # artists,Median # albums,Mean # albums,% with previous-month MAU,Median continuity rate,Aggregate continuity rate
Spotify-owned,399,0.0009557252493508733,154812.0,916431.619047619,59.0,85.32080200501254,47.0,57.145363408521305,49.0,59.37092731829574,0.9573934837092731,0.133708848820981,0.2216186651710451
User-owned (>50% owner streams),224262,0.5371750773682344,104.0,219.93187878463584,88.0,220.29177925818908,48.0,89.1602679009373,51.0,94.34701376069061,0.8386173315140327,1.0,0.48196799871078827
User-owned (<=50% owner streams),192823,0.46186919738241466,62.0,542.0906115971642,73.0,165.36667824896406,39.0,71.66743593865877,41.0,74.7766034134932,0.918687086084129,0.5,0.20021282255919126
