segment,playlist_count,pct_of_total_playlists,median_monthly_stream30s,mean_monthly_stream30s,median_n_tracks,mean_n_tracks,median_n_artists,mean_n_artists,median_n_albums,mean_n_albums,playlists_with_prev_month_mau,median_retention_rate,mean_retention_rate,total_mau_previous_month,total_mau_both_months,pct_retention_eligible,aggregate_retention_rate
Spotify-owned,399,0.0009557252493508733,154812.0,916431.619047619,59.0,85.32080200501254,47.0,57.145363408521305,49.0,59.37092731829574,382,0.133708848820981,0.15525963304778,18038431,3997653,0.9573934837092731,0.2216186651710451
User-owned (>50% owner streams),224262,0.5371750773682344,104.0,219.93187878463584,88.0,220.29177925818908,48.0,89.1602679009373,51.0,94.34701376069061,188070,1.0,0.7215535506141111,471606,227299,0.8386173315140327,0.48196799871078827
User-owned (<=50% owner streams),192823,0.46186919738241466,62.0,542.0906115971642,73.0,165.36667824896406,39.0,71.66743593865877,41.0,74.7766034134932,177144,0.5,0.5339673761342539,4961880,993432,0.918687086084129,0.20021282255919126
