playlist_segment,playlist_count,pct_of_total_playlists,total_monthly_stream30s,stream_share,total_non_owner_monthly_stream30s,non_owner_stream_share,median_owner_stream_share
Spotify-owned,399,0.0009557252493508733,365656216,0.7038535332587816,365655622,0.7768309294193764,0.0
User-owned (>50% owner streams),224262,0.5371750773682344,49322363,0.09494087054224233,5995612,0.012737604899721646,0.8469945355191257
User-owned (<=50% owner streams),192823,0.46186919738241466,104527538,0.20120559619897604,99050444,0.21043146568090204,0.16216216216216217
