feature,feature_label,spearman_rho,n
n_tracks,# tracks,0.2403345969106758,417085
n_albums,# albums,0.1908732742036112,417085
n_artists,# artists,0.18494940461267437,417085
one_artist,One artist playlist,-0.17014928814874578,417085
n_title_tokens,# title tokens,0.16573310733345134,417085
owner_playlist_count,Owner playlist count,0.0649398616137208,417085
recent_track_change,Recent track change,0.05726364046351116,417085
