feature_label,User-owned rho,Spotify-owned rho
# tracks,0.2403345969106758,0.3997612126323339
# artists,0.18494940461267437,0.37898386240841336
# albums,0.1908732742036112,0.3885878822738808
Recent track change,0.05726364046351116,-0.029795238991618105
# title tokens,0.16573310733345134,0.012902473565580165
One artist playlist,-0.17014928814874578,0.07619324507250126
Owner playlist count,0.0649398616137208,
